{
  "lgbm": {
    "auc": 0.78125,
    "train_auc": 0.992,
    "overfit_gap": 0.2107,
    "precision": 0.0,
    "recall": 0.0,
    "f1": 0.0,
    "confusion_matrix": [
      [
        65,
        0
      ],
      [
        16,
        0
      ]
    ],
    "train_time": 0.8109092712402344
  },
  "xgboost": {
    "auc": 0.9903846153846154,
    "train_auc": 1.0,
    "overfit_gap": 0.0096,
    "precision": 1.0,
    "recall": 0.5625,
    "f1": 0.72,
    "confusion_matrix": [
      [
        65,
        0
      ],
      [
        7,
        9
      ]
    ],
    "train_time": 2.0698654651641846
  },
  "random_forest": {
    "auc": 0.9134615384615384,
    "train_auc": 0.9987537688442212,
    "overfit_gap": 0.0853,
    "precision": 1.0,
    "recall": 0.5625,
    "f1": 0.72,
    "confusion_matrix": [
      [
        65,
        0
      ],
      [
        7,
        9
      ]
    ],
    "train_time": 1.22117280960083
  },
  "logistic_regression": {
    "auc": 0.8317307692307693,
    "train_auc": 0.9965829145728643,
    "overfit_gap": 0.1649,
    "precision": 0.5,
    "recall": 0.5625,
    "f1": 0.5294117647058824,
    "confusion_matrix": [
      [
        56,
        9
      ],
      [
        7,
        9
      ]
    ],
    "train_time": 0.07619738578796387
  },
  "mlp": {
    "auc": 0.7865384615384615,
    "train_auc": 0.9965025125628141,
    "overfit_gap": 0.21,
    "precision": 0.45,
    "recall": 0.5625,
    "f1": 0.5,
    "confusion_matrix": [
      [
        54,
        11
      ],
      [
        7,
        9
      ]
    ],
    "train_time": 5.406315088272095
  }
}